id2,Dz_seq,ML_training_score
AU-204-205,ACGUUUGAUGAACACAGGCUAGCUACAACGAAGGGCUGU,0
AU-243-244,AACCAUAACAUGACCAGGCUAGCUACAACGAGAGGUGCA,1
AU-384-385,GCCACCAGCUCCUUUAGGCUAGCUACAACGAUACCGUUC,0
GU-113-114,CGUGCCUCUGAUAAGAGGCUAGCUACAACGACUCCUCCA,0
GU-161-162,CCUUUUUCAACUUCUAGGCUAGCUACAACGAUAAGCCAC,0
GU-219-220,AGUUCGAGCAUCCGAAGGCUAGCUACAACGAGUUUGAUG,0
GU-294-295,UGUCUCACCACUACGAGGCUAGCUACAACGACGUACUGA,0
GU-315-316,AUGAGGGACAAGGACAGGCUAGCUACAACGACAAGUGUC,0
GU-424-425,CGCCUAAGUCAAAUGAGGCUAGCUACAACGAUUUAGAUC,0
GU-501-502,UUCACGGGUAACACCAGGCUAGCUACAACGAUGCUAUGU,0
GU-77-78,AAGCCACGUACGAGCAGGCUAGCUACAACGAGUCGCGAA,0
AU-1042-1043,GAGGACUCAGUAUUGAGGCUAGCUACAACGAUUCUGUUC,0
AU-1323-1324,GGGUUUGAGUUUUUCAGGCUAGCUACAACGAAAACAGUG,0
AU-1472-1473,UGAACACUCUCCUUAAGGCUAGCUACAACGAUUCCUUUG,1
AU-1572-1573,AAAUGUUUCACCUAAAGGCUAGCUACAACGAUCAAGGCU,0
AU-211-212,CAAAAGGUGUCUGCAAGGCUAGCUACAACGAUCAUAGCU,0
AU-247-248,CAUUGAAGGUGUCAAAGGCUAGCUACAACGAUUCUUUGC,0
AU-276-277,UAAGGGAAAUACAAAAGGCUAGCUACAACGAUUGGACAU,0
AU-364-365,CAACUGGAUAGACAGAGGCUAGCUACAACGACGAAUUCU,0
AU-42-43,CUCAAGAGGGUAGCCAGGCUAGCUACAACGACAGGGCCA,0
AU-504-505,ACCUUCUUUAGUCAAAGGCUAGCUACAACGAUCUCAGUG,1
AU-563-564,CAUGCUGGACAAUAAAGGCUAGCUACAACGAUUUAACAA,0
AU-62-63,GCUAGAAGGUCUUUAAGGCUAGCUACAACGAGCACUCAA,0
AU-627-628,UUUCAAGCCAGAUUCAGGCUAGCUACAACGAUAUGGUAU,0
AU-671-672,CAGCCUCCAAAGGCAAGGCUAGCUACAACGAAGUGCGAC,0
AU-955-956,CAACAAUUUGUUUGAAGGCUAGCUACAACGAGCUUUAUA,0
GU-106-107,AGUCCAGUUGUUCGGAGGCUAGCUACAACGAAAAGUGCA,0
GU-1136-1137,UUCUGUAAAACACGCAGGCUAGCUACAACGAAGAAUUUU,1
GU-1216-1217,CCAAAUCAGAUGUGAAGGCUAGCUACAACGAAUCAUAGC,1
GU-1363-1364,CUACACCUUCCUUAAAGGCUAGCUACAACGAUUCUCUUC,1
GU-1439-1440,ACAAUUUGUCCACCGAGGCUAGCUACAACGAAAUUUCAC,1
GU-1622-1623,UCUUCUCUGGAUUUAAGGCUAGCUACAACGAACACUUUC,1
GU-406-407,UGAGAGUUGAAAGGCAGGCUAGCUACAACGAAUUUGGUU,0
GU-438-439,CCAUGAAGUUUCACCAGGCUAGCUACAACGAAAUGAUCA,0
GU-534-535,AUUUUGGGGUAAGUAAGGCUAGCUACAACGACACAAGUA,0
GU-795-796,AAGGUUGUCAUUAAGAGGCUAGCUACAACGACUUCGGAA,1
GU-915-916,AGUUUCCACAAAAGCAGGCUAGCUACAACGAUUGUGGAA,0
GU-992-993,GCUUUUCCUUUUGUAAGGCUAGCUACAACGAUUUAAAAU,0
AU-1048-1049,UGGAUGAAGAUUGCCAGGCUAGCUACAACGAUAAUGUCA,0
AU-1121-1122,CAUCACCCACUAUAUAGGCUAGCUACAACGAGGAGCAUC,1
AU-1243-1244,CGGGUAAGUGGUUAUAGGCUAGCUACAACGAAAUUGUCU,0
AU-127-128,UUUACCUUGGUAAUCAGGCUAGCUACAACGACUUCAGUA,0
AU-1273-1274,CUCUACAGUGUAACCAGGCUAGCUACAACGAUUAAACCC,0
AU-1347-1348,UGCUUCUCAUUAGAGAGGCUAGCUACAACGAAAUAGAUG,0
AU-1390-1391,AAGCAUUUCUCGCAAAGGCUAGCUACAACGAUCCAAGAA,0
AU-1532-1533,UGGUGUAAAAGUAAAAGGCUAGCUACAACGACUAGCACC,0
AU-1735-1736,AGAAGAAGAAGUAAGAGGCUAGCUACAACGAAACCAUUA,0
AU-211-212,UUGUUGACUAUCAUCAGGCUAGCUACAACGACUAACCAA,0
AU-516-517,UCAGAUUCAACUUGCAGGCUAGCUACAACGAGGCAUUGU,0
AU-535-536,AUUAGUAGCUAUGUAAGGCUAGCUACAACGACAUCAGAU,0
AU-651-652,CUCUUAAGAAGUUGAAGGCUAGCUACAACGAGUCUUCAC,0
AU-685-686,UAGAACUUCGUGCUGAGGCUAGCUACAACGAUAAAAUUU,0
AU-710-711,UACCAGCUGAUAAUAAGGCUAGCUACAACGAGGUGCAAG,1
AU-817-818,UGAAACAAGUUUGUCAGGCUAGCUACAACGAAGAGAUUU,0
AU-912-913,GGUUUACUUUCAGUUAGGCUAGCUACAACGAAAAUGGCU,0
AU-963-964,UCAACACAAGCUUUGAGGCUAGCUACAACGAUUUCUUAU,0
GU-1080-1081,AUGUCAAUGUCACUAAGGCUAGCUACAACGAAAGAGUGG,1
GU-1152-1153,ACCACAGCAGUUAAAAGGCUAGCUACAACGAACCCUCUU,1
GU-1302-1303,UUACACUUUUUAAGCAGGCUAGCUACAACGAUGUCUUUG,0
GU-1321-1322,UAGAAUGUAAAAGGCAGGCUAGCUACAACGAUUUUACAC,0
GU-381-382,GCAUUUUUAAUGUAUAGGCUAGCUACAACGAAUUGUCAG,0
GU-423-424,ACCACUGUUGGUUUUAGGCUAGCUACAACGACUUUUUAG,0
GU-759-760,ACAGUAUCUACACAAAGGCUAGCUACAACGAUCUUAAAG,0
GU-76-77,AAACUCUUCUUCUUCAGGCUAGCUACAACGAAAUCACCU,1
GU-786-787,AAGACAGCUAAGUAGAGGCUAGCUACAACGAAUUUGUGC,0
AU-123-124,AGAGGUGCAGAUCACAGGCUAGCUACAACGAGUCUUGGA,0
AU-285-286,CUUAGGUGUCUUAGGAGGCUAGCUACAACGAUGGCUGUA,0
AU-389-390,GUGAAAUUGGGCCUCAGGCUAGCUACAACGAAGCACAUU,0
AU-546-547,GUCAACAAAAGGUCCAGGCUAGCUACAACGAAAAAGUUA,0
AU-746-747,GAAAGAGGUCCUAGUAGGCUAGCUACAACGAGUCAACAU,1
GU-203-204,ACAUUACCAGCCUGUAGGCUAGCUACAACGACAAGAAAU,0
GU-272-273,GGAUUGGCUGUAUCAAGGCUAGCUACAACGACUUAAGCU,1
GU-438-439,GUUAAAACCAACACUAGGCUAGCUACAACGACACAUGAA,1
GU-45-46,UACUUGUACCAUACAAGGCUAGCUACAACGACCUCAACU,0
GU-87-88,GUCAUCAAGCCAAAGAGGCUAGCUACAACGACGUUAAGU,0
AU-120-121,AUAGCAAUAAUACCCAGGCUAGCUACAACGAAGCAAAAG,0
AU-226-227,AGGCAUAUAGACCAUAGGCUAGCUACAACGAUAAAAUAA,0
AU-279-280,AAACUAGUAUCAACCAGGCUAGCUACAACGAAUCCAACC,0
AU-351-352,CUUGCUGUCAUAAGGAGGCUAGCUACAACGAUAGUAACA,0
AU-576-577,CCAGUUAUGAAGAAAAGGCUAGCUACAACGAAGGGCAAU,1
AU-706-707,AGAAACUAAGUAAUCAGGCUAGCUACAACGAAAACACCA,1
AU-71-72,AAAAGAACAAAGACCAGGCUAGCUACAACGAUGAGUACU,0
AU-739-740,UCCCUGUGAAUUCAUAGGCUAGCUACAACGAAUCUAAAC,0
AU-94-95,UAAAAAGGCAUUUUCAGGCUAGCUACAACGAACAAAAAA,0
GU-511-512,GACAGUUGUAACUACAGGCUAGCUACAACGACUGAGUAG,0
GU-530-531,UACCUCUGGCCAAAAAGGCUAGCUACAACGAAUGACAGU,1
GU-625-626,AAAAUAGCCUAAGAAAGGCUAGCUACAACGAAAUAAACU,0
AU-193-194,UUAUACAUUUGGGUCAGGCUAGCUACAACGAAGCUUGAU,0
AU-202-203,CUAGCCUGUUUAUACAGGCUAGCUACAACGAUUGGGUCA,0
AU-253-254,AAAAGCAUUGUCUGCAGGCUAGCUACAACGAAGCACUAG,0
AU-262-263,AGCAUAGUGAAAAGCAGGCUAGCUACAACGAUGUCUGCA,0
AU-398-399,AUUUUUAUAUGUGUUAGGCUAGCUACAACGAAGUCUGGU,0
AU-460-461,UCUACAACCUGUUGGAGGCUAGCUACAACGAUUCCCACA,0
AU-521-522,UGCUAAAUUAGGUGAAGGCUAGCUACAACGAUGUCCAUA,1
AU-59-60,AGCAACAGCCUGCUCAGGCUAGCUACAACGAAAGCUUCU,0
AU-77-78,AACUUCAGAAUCACCAGGCUAGCUACAACGAUAGCAACA,0
GU-105-106,UCAAAGACUUCUUCAAGGCUAGCUACAACGAUUUUUAAG,1
GU-164-165,CAUCUUUUCCAACUUAGGCUAGCUACAACGAGUUGCAUG,1
AU-1110-1111,CCAGAAGCAGCGUGCAGGCUAGCUACAACGAAGCAGGGU,0
AU-157-158,AUCAAUUAAAUUGUCAGGCUAGCUACAACGACUUCGUCC,0
AU-65-66,UGUCAAAAGCCCUGUAGGCUAGCUACAACGAACGACAUC,0
AU-704-705,CCCUGGUCAAGGUUAAGGCUAGCUACAACGAAUAGGCAU,1
GU-258-259,AAGUCAUGUUUAGCAAGGCUAGCUACAACGAAGCUGGAC,1
AU-218-219,ACUCAUUGAAUCAUAAGGCUAGCUACAACGAAAAGUCUA,0
AU-263-264,GACAUUACGUUUUGUAGGCUAGCUACAACGAAUGCGAAA,0
AU-399-400,CGGCUAUUGAUUUCAAGGCUAGCUACAACGAAAUUUUUG,0
AU-517-518,GGAUAAUCCCAACCCAGGCUAGCUACAACGAAAGGUGAG,1
AU-740-741,AAAAACACUAUUAGCAGGCUAGCUACAACGAAAGCAGUU,0
AU-937-938,UCAGAGAGUAUCAUCAGGCUAGCUACAACGAUGAGAAAU,1
GU-1155-1156,CUGGGUAAGGAAGGUAGGCUAGCUACAACGAACAUAAUC,1
GU-436-437,UUGCUUGUUCCAAUUAGGCUAGCUACAACGAUACAGUAG,0
GU-63-64,GUUGUCUGAUAUCACAGGCUAGCUACAACGAAUUGUUGG,0
GU-673-674,GAACCGCCACACAUGAGGCUAGCUACAACGACAUUUCAC,1
AU-1109-1110,UCAUCAAAGACAACUAGGCUAGCUACAACGAAUCUGCUG,1
AU-1143-1144,AACACUCAAAUCAUAAGGCUAGCUACAACGAUUGUGGCC,0
AU-1171-1172,AGUGCUUAGCACGUAAGGCUAGCUACAACGACUGGCAUU,0
AU-1263-1264,ACACACUGAAUUGAAAGGCUAGCUACAACGAAUUCUGGU,0
AU-1286-1287,GGACCUAUAGUUUUCAGGCUAGCUACAACGAAAGUCUAC,0
AU-1478-1479,UCUCUUACCACGCCUAGGCUAGCUACAACGAUUGUGGCC,0
AU-1495-1496,GGUUACGUGUAAGGAAGGCUAGCUACAACGAUCUCUUAC,0
AU-1545-1546,AGCAUUCUGUGAAUUAGGCUAGCUACAACGAAAGGUGAA,0
AU-348-349,AAUGUAAUCACCAGCAGGCUAGCUACAACGAUUGUCCAG,0
AU-492-493,AACUUCCCAUGAAAGAGGCUAGCUACAACGAGUAAUUCU,0
AU-655-656,AAUCACCAACAUUUAAGGCUAGCUACAACGAUUGUAAGU,0
AU-746-747,GGGUAUAAGCCAGUAAGGCUAGCUACAACGAUCUAACAU,0
AU-972-973,UUUAUCUAUAGGCAAAGGCUAGCUACAACGAAUUUUAAU,0
AU-99-100,UGAUGUUGAUAUGACAGGCUAGCUACAACGAGGUCGUAA,0
GU-1332-1333,AACAAUUUCAGCAGGAGGCUAGCUACAACGAAACGCCGA,0
GU-1423-1424,UAACACCCUUAUAAAAGGCUAGCUACAACGAAUUUUAAA,0
GU-250-251,CUUGUCCAUUAGCACAGGCUAGCUACAACGAAAUGGAAA,0
GU-266-267,UUAUAUAAACCAAAAAGGCUAGCUACAACGAUUGUCCAU,0
GU-677-678,GUAUGUGAUGUCAGCAGGCUAGCUACAACGAAAAAUAAU,1
AU-114-115,CAGGUAUGUCAACACAGGCUAGCUACAACGAAAACCUUC,0
AU-1143-1144,AAUUCCAAAAUAGGCAGGCUAGCUACAACGAACACCAUC,0
AU-1295-1296,AACAAAAGCACUUUUAGGCUAGCUACAACGACAAAAGCU,0
AU-1337-1338,UGGACUGUCAGAGUAAGGCUAGCUACAACGAAGAAAAAU,0
AU-220-221,GCUUCUUCGCGGGUGAGGCUAGCUACAACGAAAACAUGU,0
AU-431-432,GAGGUGUUUAAAUUGAGGCUAGCUACAACGACUCCAGGC,1
AU-496-497,CUUAACAUUUGUACAAGGCUAGCUACAACGACUUUAUAC,1
AU-601-602,GUGCGCUCAGGUCCUAGGCUAGCUACAACGAUUUCACAA,1
AU-779-780,ACCAUGGACUUGACAAGGCUAGCUACAACGAACAGAUCA,1
AU-880-881,AUUAUAGGAUAUUCAAGGCUAGCUACAACGAAGUCCAGU,1
AU-902-903,AUUAAUCUUCAGUUCAGGCUAGCUACAACGACACCAAUU,0
AU-96-97,AACCUUCAGUUUUGAAGGCUAGCUACAACGAUUAGUGUC,0
AU-994-995,GCUUUAGGGUUACCAAGGCUAGCUACAACGAGUCGUGAA,1
GU-1359-1360,CUUGUUUUCCAUGAGAGGCUAGCUACAACGAUCACAUGG,0
GU-196-197,UUAGGGUAACCAUUAAGGCUAGCUACAACGAUUGAUAAU,0
GU-352-353,CCUGUAGGUACAGCAAGGCUAGCUACAACGAUAGGUUAA,0
GU-544-545,GCCCAUAAGACAAAUAGGCUAGCUACAACGAGACUCUGU,1
GU-752-753,GUUGCUUUGUAGGUUAGGCUAGCUACAACGACUGUAAAA,0
GU-934-935,ACAACCAUGUGUUGAAGGCUAGCUACAACGACUUUCUAC,1
AU-124-125,UUUUAUUUUCAAACAAGGCUAGCUACAACGAUCUACAUC,1
AU-273-274,UAUAUGUGCUGGAGCAGGCUAGCUACAACGACUCUUUUG,0
AU-296-297,AUAGAACAAACACCAAGGCUAGCUACAACGAAGUAGAUA,0
AU-344-345,GUGAGUGGUGCACAAAGGCUAGCUACAACGACGUUUCAG,0
AU-537-538,ACCAUCAACUUUCUUAGGCUAGCUACAACGAAAUAAUUG,0
AU-565-566,AGUAAGUUUCAGGUAAGGCUAGCUACAACGAUGUUGGAC,0
AU-597-598,UUUAAAUUCUUGUAAAGGCUAGCUACAACGAUUCUACUC,0
AU-632-633,AAUUCUAAGAAAUCAAGGCUAGCUACAACGAUUCCAUUU,0
AU-657-658,CCGUUCAAUGAAUUCAGGCUAGCUACAACGACCAUAGCU,0
AU-793-794,GAAUAAAAUCUUCUAAGGCUAGCUACAACGAUCAAAAGG,1
AU-80-81,UAAACAGUGUUAUUAAGGCUAGCUACAACGAGAUAGAAA,0
AU-806-807,GUACUGUCCAUAGGAAGGCUAGCUACAACGAAAAAUCUU,0
AU-892-893,CAAAAUCAUCAAGUAAGGCUAGCUACAACGAAAAUCAAU,0
GU-206-207,UUAUUGAGUAUUUUCAGGCUAGCUACAACGACUCUGGUA,0
GU-483-484,UGUGACUCCAUUAAGAGGCUAGCUACAACGAUAGCUUGU,0
GU-515-516,UUGAACUGUGUUUUUAGGCUAGCUACAACGAGGCUUCUC,0
AU-158-159,UGUUAAUGUGUUUAAAGGCUAGCUACAACGAAUUGACAC,0
AU-193-194,AAAUGUAUAACUCUCAGGCUAGCUACAACGAAUUAUAGG,0
AU-224-225,UGGUGCAACUCCUUUAGGCUAGCUACAACGACAGAACCA,0
AU-296-297,GACAAAGUCAUUAAGAGGCUAGCUACAACGACUGAAUCG,0
AU-334-335,GUUGCACAAUCACCAAGGCUAGCUACAACGACAAAGUUG,0
AU-428-429,ACCCUCUUUAGAGUCAGGCUAGCUACAACGAUUUCUUUU,1
AU-457-458,UGUAUAAACCCACAAAGGCUAGCUACAACGAGUAAGUGA,0
AU-469-470,GCUAGCUUUUGUUGUAGGCUAGCUACAACGAAAACCCAC,0
AU-58-59,CACUUUUCUAAUAGCAGGCUAGCUACAACGAUCUUUGCA,0
AU-632-633,GCGUGGUUUGCCAAGAGGCUAGCUACAACGAAAUUACAU,0
AU-655-656,AUGACAUAACCAUCUAGGCUAGCUACAACGAUUGUUCGC,0
AU-680-681,CCUCCAAAAUAUGUAAGGCUAGCUACAACGAUUGCAUGC,1
AU-687-688,UUGUAUUCCUCCAAAAGGCUAGCUACAACGAAUGUAAUU,0
AU-732-733,AUUUACUCAUGUCAAAGGCUAGCUACAACGAAAAGAAUA,0
AU-808-809,AGAAGAGAUAAAAUCAGGCUAGCUACAACGAAUCAUUGA,0
GU-130-131,UGAGUAUAUUUUGCGAGGCUAGCUACAACGAAUUCAUCA,0
GU-580-581,GCAUUCACAUUAGUAAGGCUAGCUACAACGAAAAGGCUG,1
AU-114-115,AUUGGUCCCAGAGACAGGCUAGCUACAACGAGUAUAGCA,0
AU-507-508,AGAAUAUAUUUUAAAAGGCUAGCUACAACGAAACCAUCA,0
AU-90-91,AUGGAACCAAGUAACAGGCUAGCUACAACGAUGGAAAAG,0
GU-315-316,CAAAAAUGGAUCAUUAGGCUAGCUACAACGAAAAAUUGA,0
AU-194-195,CUUCCUGUUCCAAGCAGGCUAGCUACAACGAAAACAGAU,0
AU-412-413,UUAAAGCACGGUUUAAGGCUAGCUACAACGAUGUGUACA,0
AU-360-361,UGAAAUUGCACCAAAAGGCUAGCUACAACGAUGGAGCUA,0
AU-443-444,UGAAGUCUGCCUGUGAGGCUAGCUACAACGACAACCUAU,0
AU-70-71,ACAGUGCAGAAGUGUAGGCUAGCUACAACGAUGAGCAAU,0
GU-282-283,AAGUUUUCCAAGUGCAGGCUAGCUACAACGAUUGCUGUG,1
AU-42-43,GACUGAGGGAAGGACAGGCUAGCUACAACGAAAGAUGAU,0
AU-429-430,UCAAUUUCUUUUUGAAGGCUAGCUACAACGAGUUUACAA,1
AU-603-604,CUACAGCAACUGGUCAGGCUAGCUACAACGAACAGCAAA,0
AU-109-110,GGGAGUGAGGCUUGUAGGCUAGCUACAACGACGGUAUCG,0
AU-132-133,CGCCAACAAUAAGCCAGGCUAGCUACAACGACCGAAAGG,0
AU-204-205,AGAGUGCUAGUUGCCAGGCUAGCUACAACGACUCUUUUU,0
AU-373-374,CAAAGCCAAAGCCUCAGGCUAGCUACAACGAUAUUAUUC,0
AU-414-415,UGGCAUCAUAAAGUAAGGCUAGCUACAACGAGGGUUUUU,1
AU-434-435,AUGCCAGCAAAGAAAAGGCUAGCUACAACGAAGUUGGCA,0
AU-455-456,ACAAUAGUCGUAACAAGGCUAGCUACAACGAUAGUAUGC,0
AU-545-546,ACCAAUCUGGUAGUCAGGCUAGCUACAACGAGUUCAGAA,0
AU-576-577,UUACUCCAGAUUCCCAGGCUAGCUACAACGAUUUUCAGU,0
AU-680-681,GAUGAAGAAGGUAACAGGCUAGCUACAACGAGUUCAACA,0
GU-148-149,ACAGCAAGAAGUGCAAGGCUAGCUACAACGAGCCAACAA,0
GU-163-164,GAAGCGCUCUGAAAAAGGCUAGCUACAACGAAGCAAGAA,0
GU-229-230,UUGCAAACAAAGUGAAGGCUAGCUACAACGAACCCUUGG,0
GU-255-256,AAACUGUUACAAACAAGGCUAGCUACAACGAAACAGCAA,0
GU-268-269,AAAAGGUGUGAGUAAAGGCUAGCUACAACGAUGUUACAA,0
GU-763-764,AUUACUGGAUUAACAAGGCUAGCUACAACGAUCCGGAUG,0
AU-145-146,AGGAAAAUUAACUUAAGGCUAGCUACAACGAUAUAUACA,0
AU-352-353,GGCACGUUGAGAAGAAGGCUAGCUACAACGAGUUAGUUU,0
AU-615-616,AAUGGUCUGUGUUUAAGGCUAGCUACAACGAUUAUAGUU,1
GU-196-197,UAAACAGCAGCAAGCAGGCUAGCUACAACGAAAAACAAG,0
AU-420-421,GUGAUCUUUUGGUGUAGGCUAGCUACAACGAUCAAGGCU,1
AU-432-433,GCGGGUGCCAAUGUGAGGCUAGCUACAACGACUUUUGGU,1
AU-450-451,AGCAUUGUUAGCAGGAGGCUAGCUACAACGAUGCGGGUG,0
AU-462-463,UAGCACGAUUGCAGCAGGCUAGCUACAACGAUGUUAGCA,0
AU-499-500,AGAAGCCUUUUGGCAAGGCUAGCUACAACGAGUUGUUCC,0
AU-900-901,UGCAAUUUGCGGCCAAGGCUAGCUACAACGAGUUUGUAA,0
GU-49-50,CUGAGGGUCCACCAAAGGCUAGCUACAACGAGUAAUGCG,0
GU-579-580,AGUUGAAUUUCUUGAAGGCUAGCUACAACGAUGUUGCGA,1
GU-78-79,UUCUCCAUUCUGGUUAGGCUAGCUACAACGAUGCCAGUU,1
GU-940-941,GCGACAUUCCGAAGAAGGCUAGCUACAACGAGCUGAAGC,1
